LapNumber,Stint,CompoundCode,LapDelta,AvgLapInStint,TireDegradation,will_pit_next_lap
3.0,2.0,2,-54.42099999999999,115.0445,-54.42099999999999,0
4.0,2.0,2,-4.548000000000002,104.45833333333333,-58.968999999999994,0
5.0,2.0,2,0.08299999999999841,84.82966666666667,-58.885999999999996,0
6.0,2.0,2,0.046999999999997044,83.357,-58.839,0
7.0,2.0,2,-1.5030000000000001,82.89933333333333,-60.342,0
8.0,2.0,2,-0.37699999999999534,82.28833333333334,-60.718999999999994,0
9.0,2.0,2,0.4680000000000035,81.81766666666667,-60.25099999999999,0
10.0,2.0,2,-0.4420000000000073,81.70066666666668,-60.693,0
11.0,2.0,2,-0.04800000000000182,81.69333333333334,-60.741,0
13.0,2.0,2,-0.09399999999999409,81.49866666666667,-60.834999999999994,0
14.0,2.0,2,-0.8290000000000077,81.175,-61.664,0
15.0,2.0,2,0.0,80.86733333333332,-61.664,0
16.0,2.0,2,0.2020000000000124,80.65833333333332,-61.46199999999999,0
17.0,2.0,2,0.3439999999999941,80.84033333333333,-61.117999999999995,0
19.0,2.0,2,-0.8919999999999959,80.72500000000001,-62.00999999999999,0
20.0,2.0,2,0.11499999999999488,80.58066666666666,-61.894999999999996,0
22.0,2.0,2,0.18200000000000216,80.38233333333334,-61.712999999999994,0
23.0,2.0,2,-0.3990000000000009,80.34833333333333,-62.111999999999995,0
24.0,2.0,2,0.3739999999999952,80.40066666666667,-61.738,0
25.0,2.0,2,-0.19400000000000261,80.32766666666667,-61.932,0
26.0,2.0,2,0.14000000000000057,80.43433333333333,-61.792,0
27.0,2.0,2,0.04600000000000648,80.43166666666666,-61.745999999999995,0
28.0,2.0,2,-0.9989999999999952,80.16066666666666,-62.74499999999999,0
29.0,2.0,2,0.7609999999999957,80.09666666666668,-61.983999999999995,0
31.0,2.0,2,0.6700000000000017,80.24066666666667,-61.31399999999999,0
32.0,2.0,2,-0.7930000000000064,80.45333333333333,-62.107,0
33.0,2.0,2,-0.6569999999999965,80.19333333333333,-62.763999999999996,0
34.0,2.0,2,-0.3569999999999993,79.591,-63.120999999999995,0
36.0,2.0,2,2.4939999999999998,80.08433333333333,-60.626999999999995,0
37.0,2.0,2,-0.8529999999999944,80.51233333333334,-61.47999999999999,0
38.0,2.0,2,-0.46100000000001273,80.90566666666666,-61.941,0
39.0,2.0,2,0.07500000000000284,80.49266666666666,-61.866,0
40.0,2.0,2,-0.5769999999999982,80.17166666666667,-62.443,0
41.0,2.0,2,-0.4830000000000041,79.84333333333333,-62.926,0
42.0,2.0,2,0.7550000000000097,79.74166666666666,-62.17099999999999,0
43.0,2.0,2,-0.5880000000000081,79.63633333333333,-62.759,0
44.0,2.0,2,0.18700000000001182,79.75433333333334,-62.57199999999999,0
45.0,2.0,2,2.0649999999999977,80.30900000000001,-60.50699999999999,0
47.0,2.0,2,-1.2860000000000014,80.63100000000001,-61.79299999999999,0
48.0,2.0,2,-1.1410000000000053,80.51033333333334,-62.934,0
49.0,2.0,2,0.05700000000000216,79.72033333333333,-62.876999999999995,0
50.0,2.0,2,-0.10999999999999943,79.32233333333333,-62.986999999999995,0
51.0,2.0,2,-0.40500000000000114,79.16966666666667,-63.391999999999996,0
52.0,2.0,2,2.6910000000000025,79.895,-60.70099999999999,0
53.0,2.0,2,-0.8539999999999992,80.37233333333333,-61.55499999999999,0
54.0,2.0,2,2.9470000000000027,81.967,-58.60799999999999,0
55.0,2.0,2,-4.562000000000012,81.14399999999999,-63.17,0
56.0,2.0,2,-0.28899999999998727,80.50933333333334,-63.45899999999999,0
57.0,2.0,2,-0.5250000000000057,78.71733333333334,-63.983999999999995,0
58.0,2.0,2,0.41899999999999693,78.58566666666667,-63.565,0
59.0,2.0,2,-0.4890000000000043,78.38733333333333,-64.054,0
60.0,2.0,2,1.3320000000000078,78.80799999999999,-62.721999999999994,0
61.0,2.0,2,0.688999999999993,79.31866666666666,-62.033,0
62.0,2.0,2,-0.715999999999994,79.75366666666666,-62.748999999999995,0
63.0,2.0,2,3.5789999999999935,80.93766666666666,-59.17,0
64.0,2.0,2,-5.173999999999992,80.16733333333333,-64.344,0
66.0,2.0,2,0.09199999999999875,79.66633333333333,-64.252,0
67.0,2.0,2,-0.1290000000000049,77.92933333333333,-64.381,0
68.0,2.0,2,0.5110000000000099,78.08733333333333,-63.86999999999999,0
69.0,2.0,2,1.5360000000000014,78.72666666666667,-62.33399999999999,0
70.0,2.0,2,-0.5510000000000019,79.22533333333334,-62.88499999999999,0
71.0,2.0,2,-0.4130000000000109,79.416,-63.298,0
72.0,2.0,2,-0.7919999999999874,78.83066666666667,-64.08999999999999,0
73.0,2.0,2,0.2669999999999959,78.518,-63.82299999999999,0
74.0,2.0,2,-0.41800000000000637,78.20366666666666,-64.241,0
75.0,2.0,2,-0.16400000000000148,78.09866666666666,-64.405,0
76.0,2.0,2,-0.570999999999998,77.71433333333333,-64.976,0
77.0,2.0,2,-0.2189999999999941,77.39633333333332,-65.195,0
3.0,2.0,1,-35.382999999999996,106.87950000000001,-35.382999999999996,0
4.0,2.0,1,-5.451999999999998,99.165,-40.834999999999994,0
5.0,2.0,1,-0.16100000000000136,85.49966666666667,-40.995999999999995,0
6.0,2.0,1,-0.8640000000000043,83.34066666666668,-41.86,0
7.0,2.0,1,0.15500000000000114,83.05066666666666,-41.705,0
8.0,2.0,1,-0.5819999999999936,82.62033333333333,-42.28699999999999,0
9.0,2.0,1,-0.6340000000000003,82.26666666666667,-42.92099999999999,0
10.0,2.0,1,0.21399999999999864,81.93266666666668,-42.706999999999994,0
11.0,2.0,1,-0.44599999999999795,81.644,-43.15299999999999,0
12.0,2.0,1,-0.05200000000000671,81.54933333333334,-43.205,0
13.0,2.0,1,0.06199999999999761,81.404,-43.143,0
14.0,2.0,1,-0.036000000000001364,81.39533333333333,-43.179,0
15.0,2.0,1,-0.33099999999998886,81.29366666666668,-43.50999999999999,0
16.0,2.0,1,0.2569999999999908,81.257,-43.253,0
17.0,2.0,1,-0.5189999999999912,81.05933333333334,-43.77199999999999,0
18.0,2.0,1,0.27599999999999625,81.06400000000001,-43.495999999999995,0
19.0,2.0,1,-0.46999999999999886,80.82633333333334,-43.965999999999994,0
20.0,2.0,1,0.5049999999999955,80.93,-43.461,0
21.0,2.0,1,-0.7930000000000064,80.67733333333334,-44.254000000000005,0
22.0,2.0,1,0.7200000000000131,80.82133333333333,-43.53399999999999,0
25.0,2.0,1,0.053999999999987836,80.815,-43.480000000000004,0
26.0,2.0,1,-0.23299999999998988,80.99533333333333,-43.712999999999994,0
27.0,2.0,1,0.4449999999999932,81.084,-43.268,0
28.0,2.0,1,0.24099999999999966,81.235,-43.027,0
29.0,2.0,1,-0.33899999999999864,81.35066666666665,-43.366,0
30.0,2.0,1,-0.17099999999999227,81.261,-43.53699999999999,0
31.0,2.0,1,-0.3920000000000101,80.96033333333334,-43.929,0
32.0,2.0,1,0.3680000000000092,80.89533333333333,-43.56099999999999,0
33.0,2.0,1,-0.6600000000000108,80.66733333333333,-44.221000000000004,0
35.0,2.0,1,0.08200000000000784,80.59733333333334,-44.138999999999996,0
36.0,2.0,1,0.695999999999998,80.63666666666666,-43.443,0
37.0,2.0,1,0.38400000000000034,81.024,-43.059,0
38.0,2.0,1,-0.4300000000000068,81.24066666666666,-43.489000000000004,0
39.0,2.0,1,0.18300000000000693,81.28633333333333,-43.306,0
41.0,2.0,1,2.1809999999999974,81.931,-41.125,0
42.0,2.0,1,-0.11400000000000432,82.681,-41.239000000000004,0
43.0,2.0,1,-3.0459999999999923,82.35466666666666,-44.285,0
44.0,2.0,1,-1.4339999999999975,80.82333333333334,-45.718999999999994,0
45.0,2.0,1,1.1039999999999992,79.698,-44.614999999999995,0
46.0,2.0,1,-1.0280000000000058,79.24533333333333,-45.643,0
47.0,2.0,1,0.18099999999999739,79.331,-45.462,0
48.0,2.0,1,1.206000000000003,79.45066666666666,-44.256,0
50.0,2.0,1,-0.9809999999999945,79.586,-45.236999999999995,0
51.0,2.0,1,1.3019999999999925,80.095,-43.935,0
52.0,2.0,1,2.7409999999999997,81.11566666666666,-41.194,0
53.0,2.0,1,-3.384999999999991,81.335,-44.57899999999999,0
54.0,2.0,1,-0.8010000000000019,80.85333333333334,-45.379999999999995,0
55.0,2.0,1,0.21999999999999886,79.53133333333334,-45.16,0
56.0,2.0,1,1.328000000000003,79.78033333333333,-43.831999999999994,0
57.0,2.0,1,-0.13900000000001,80.25,-43.971000000000004,0
58.0,2.0,1,-1.3709999999999951,80.18933333333332,-45.342,0
59.0,2.0,1,-0.010000000000005116,79.68266666666666,-45.352000000000004,0
60.0,2.0,1,-0.05299999999999727,79.20466666666665,-45.405,0
61.0,2.0,1,-0.4140000000000015,79.04566666666666,-45.819,0
62.0,2.0,1,0.06400000000000716,78.91133333333333,-45.754999999999995,0
64.0,2.0,1,-0.0799999999999983,78.76799999999999,-45.834999999999994,0
66.0,2.0,1,-0.09900000000000375,78.72966666666667,-45.934,0
67.0,2.0,1,-0.5109999999999957,78.49966666666667,-46.44499999999999,0
68.0,2.0,1,-0.18700000000001182,78.234,-46.632000000000005,0
72.0,2.0,1,0.14200000000001012,78.04866666666668,-46.489999999999995,0
73.0,2.0,1,0.4230000000000018,78.17466666666667,-46.06699999999999,0
74.0,2.0,1,1.8319999999999936,78.97366666666667,-44.235,0
75.0,2.0,1,-1.6730000000000018,79.16766666666666,-45.908,0
76.0,2.0,1,0.39000000000000057,79.35066666666665,-45.518,0
3.0,2.0,1,-26.61500000000001,103.0505,-26.61500000000001,0
4.0,2.0,1,-6.356999999999999,96.49566666666665,-32.97200000000001,0
5.0,2.0,1,0.25,85.58833333333332,-32.72200000000001,0
6.0,2.0,1,-0.7680000000000007,83.29666666666667,-33.49000000000001,0
7.0,2.0,1,-0.036000000000001364,83.112,-33.52600000000001,0
8.0,2.0,1,-0.5829999999999984,82.64966666666666,-34.10900000000001,0
9.0,2.0,1,-0.5339999999999918,82.26533333333333,-34.643,0
10.0,2.0,1,0.23199999999999932,81.97033333333333,-34.411,0
11.0,2.0,1,-0.4000000000000057,81.73633333333333,-34.81100000000001,0
12.0,2.0,1,-0.2189999999999941,81.60733333333333,-35.03,0
13.0,2.0,1,0.2120000000000033,81.47166666666668,-34.818,0
14.0,2.0,1,-0.3190000000000026,81.363,-35.137,1
16.0,3.0,2,-1.2090000000000032,80.012,0.0,0
17.0,3.0,2,-3.4509999999999934,78.2865,-3.4509999999999934,0
19.0,3.0,2,1.2679999999999865,78.134,-2.183000000000007,0
20.0,3.0,2,1.2950000000000017,77.83800000000001,-0.8880000000000052,0
21.0,3.0,2,1.338000000000008,79.13833333333334,0.45000000000000284,0
23.0,3.0,2,0.2879999999999967,80.11200000000001,0.7379999999999995,0
24.0,3.0,2,-0.18600000000000705,80.592,0.5519999999999925,0
26.0,3.0,2,0.28700000000000614,80.72166666666666,0.8389999999999986,0
28.0,3.0,2,0.9140000000000015,81.06,1.7530000000000001,0
29.0,3.0,2,-0.9080000000000013,81.15766666666667,0.8449999999999989,0
30.0,3.0,2,0.6129999999999995,81.36399999999999,1.4579999999999984,0
31.0,3.0,2,-0.7180000000000035,81.02633333333334,0.7399999999999949,0
32.0,3.0,2,-0.09399999999999409,80.96,0.6460000000000008,0
34.0,3.0,2,0.24500000000000455,80.771,0.8910000000000053,0
35.0,3.0,2,-0.6490000000000009,80.605,0.24200000000000443,0
36.0,3.0,2,0.9419999999999931,80.78433333333334,1.1839999999999975,0
39.0,3.0,2,1.975999999999999,81.54066666666667,3.1599999999999966,0
40.0,3.0,2,0.41899999999999693,82.65299999999999,3.5789999999999935,0
42.0,3.0,2,-1.4819999999999993,82.95733333333332,2.096999999999994,0
43.0,3.0,2,-1.1969999999999885,82.20400000000001,0.9000000000000057,0
44.0,3.0,2,-1.1400000000000006,80.931,-0.23999999999999488,0
45.0,3.0,2,0.2710000000000008,80.24233333333335,0.03100000000000591,0
46.0,3.0,2,0.3739999999999952,80.07733333333333,0.40500000000000114,0
47.0,3.0,2,2.5519999999999925,81.143,2.9569999999999936,0
48.0,3.0,2,-2.4069999999999965,81.31599999999999,0.5499999999999972,0
49.0,3.0,2,0.2560000000000002,81.44966666666666,0.8059999999999974,0
50.0,3.0,2,-0.5789999999999935,80.53966666666666,0.22700000000000387,0
51.0,3.0,2,-3.034000000000006,79.42066666666666,-2.807000000000002,0
52.0,3.0,2,-0.0030000000000001137,78.21533333333333,-2.8100000000000023,0
53.0,3.0,2,1.2540000000000049,77.621,-1.5559999999999974,0
54.0,3.0,2,0.9470000000000027,78.35366666666668,-0.6089999999999947,0
55.0,3.0,2,0.9719999999999942,79.41133333333335,0.36299999999999955,0
56.0,3.0,2,1.2819999999999965,80.47833333333334,1.644999999999996,0
57.0,3.0,2,-2.6629999999999967,80.342,-1.0180000000000007,0
58.0,3.0,2,0.28600000000000136,79.977,-0.7319999999999993,0
59.0,3.0,2,-0.2810000000000059,79.091,-1.0130000000000052,0
60.0,3.0,2,0.07000000000000739,79.116,-0.9429999999999978,0
61.0,3.0,2,-0.44599999999999795,78.897,-1.3889999999999958,0
62.0,3.0,2,0.340999999999994,78.88533333333334,-1.0480000000000018,0
63.0,3.0,2,0.060000000000002274,78.87033333333333,-0.9879999999999995,0
64.0,3.0,2,-0.492999999999995,78.83966666666667,-1.4809999999999945,0
65.0,3.0,2,0.11099999999999,78.73233333333333,-1.3700000000000045,0
66.0,3.0,2,-0.25900000000000034,78.51866666666666,-1.6290000000000049,0
67.0,3.0,2,0.08400000000000318,78.49733333333333,-1.5450000000000017,0
68.0,3.0,2,-0.41499999999999204,78.30066666666666,-1.9599999999999937,0
69.0,3.0,2,0.03599999999998715,78.20233333333334,-1.9240000000000066,0
70.0,3.0,2,0.6900000000000119,78.306,-1.2339999999999947,0
71.0,3.0,2,-0.6740000000000066,78.32333333333332,-1.9080000000000013,0
72.0,3.0,2,0.242999999999995,78.40966666666667,-1.6650000000000063,0
73.0,3.0,2,1.7210000000000036,78.83966666666667,0.055999999999997385,0
74.0,3.0,2,-1.75,78.911,-1.6940000000000026,0
75.0,3.0,2,0.4609999999999985,79.05499999999999,-1.233000000000004,0
76.0,3.0,2,-0.0049999999999954525,78.62366666666667,-1.2379999999999995,0
3.0,2.0,1,-51.34899999999999,113.9435,-51.34899999999999,0
4.0,2.0,1,-5.0,103.71866666666666,-56.34899999999999,0
5.0,2.0,1,0.15899999999999181,84.98866666666667,-56.19,0
6.0,2.0,1,-0.32200000000000273,83.26766666666667,-56.512,0
7.0,2.0,1,-0.8729999999999905,82.92233333333333,-57.38499999999999,0
8.0,2.0,1,-0.6330000000000098,82.313,-58.018,0
9.0,2.0,1,0.47100000000000364,81.968,-57.547,0
10.0,2.0,1,-0.6769999999999925,81.68833333333333,-58.22399999999999,0
11.0,2.0,1,-0.09600000000000364,81.58766666666666,-58.31999999999999,0
12.0,2.0,1,-0.009000000000000341,81.327,-58.32899999999999,0
13.0,2.0,1,0.24099999999999966,81.37233333333334,-58.087999999999994,0
14.0,2.0,1,-1.6099999999999994,80.913,-59.69799999999999,0
15.0,2.0,1,1.1460000000000008,80.83866666666667,-58.55199999999999,0
16.0,2.0,1,-0.012000000000000455,80.67999999999999,-58.56399999999999,0
17.0,2.0,1,0.9069999999999965,81.36033333333334,-57.657,0
18.0,2.0,1,-1.1640000000000015,81.27066666666667,-58.821,0
19.0,2.0,1,-0.8930000000000007,80.88733333333333,-59.714,0
20.0,2.0,1,0.3509999999999991,80.31866666666666,-59.363,0
21.0,2.0,1,-0.3789999999999907,80.01166666666667,-59.74199999999999,0
22.0,2.0,1,0.6779999999999973,80.22833333333334,-59.06399999999999,0
23.0,2.0,1,0.7519999999999953,80.57866666666668,-58.312,0
24.0,2.0,1,-0.3569999999999993,80.93633333333334,-58.669,0
25.0,2.0,1,-0.5769999999999982,80.87566666666666,-59.245999999999995,0
26.0,2.0,1,0.22100000000000364,80.63799999999999,-59.02499999999999,0
27.0,2.0,1,-0.07200000000000273,80.49533333333333,-59.096999999999994,0
28.0,2.0,1,-0.2920000000000016,80.44766666666668,-59.388999999999996,0
29.0,2.0,1,-0.8529999999999944,80.04199999999999,-60.24199999999999,0
30.0,2.0,1,2.387999999999991,80.45633333333333,-57.854,0
31.0,2.0,1,-0.3369999999999891,80.85566666666666,-58.19099999999999,0
32.0,2.0,1,-0.3060000000000116,81.43733333333334,-58.497,0
33.0,2.0,1,-0.1559999999999917,81.171,-58.65299999999999,0
34.0,2.0,1,-0.21399999999999864,80.94566666666667,-58.86699999999999,0
35.0,2.0,1,-1.3900000000000006,80.359,-60.25699999999999,0
36.0,2.0,1,0.2149999999999892,79.896,-60.042,0
37.0,2.0,1,0.3990000000000009,79.63733333333333,-59.643,0
38.0,2.0,1,-0.546999999999997,79.65966666666667,-60.19,0
39.0,2.0,1,0.8919999999999959,79.90766666666666,-59.298,0
40.0,2.0,1,0.06400000000000716,80.044,-59.233999999999995,0
42.0,2.0,1,-0.4069999999999965,80.227,-59.64099999999999,0
43.0,2.0,1,1.070999999999998,80.46966666666667,-58.56999999999999,0
44.0,2.0,1,-0.4270000000000067,80.54866666666668,-58.997,0
45.0,2.0,1,-1.23899999999999,80.35033333333332,-60.23599999999999,0
46.0,2.0,1,0.5879999999999939,79.991,-59.647999999999996,0
47.0,2.0,1,-0.5349999999999966,79.59566666666667,-60.18299999999999,0
48.0,2.0,1,0.4299999999999926,79.75666666666667,-59.753,0
49.0,2.0,1,0.6690000000000111,79.94466666666666,-59.08399999999999,0
50.0,2.0,1,0.4889999999999901,80.474,-58.595,0
51.0,2.0,1,3.450000000000003,82.01,-55.144999999999996,0
52.0,2.0,1,-4.730000000000004,81.74633333333333,-59.875,0
53.0,2.0,1,0.1740000000000066,81.37766666666667,-59.70099999999999,0
54.0,2.0,1,-0.8260000000000076,79.58366666666666,-60.527,0
55.0,2.0,1,0.3160000000000025,79.47166666666666,-60.211,0
56.0,2.0,1,0.29699999999999704,79.40066666666667,-59.914,0
57.0,2.0,1,-0.2560000000000002,79.51966666666665,-60.17,0
59.0,2.0,1,1.9300000000000068,80.17666666666666,-58.239999999999995,0
60.0,2.0,1,-1.1410000000000053,80.35433333333333,-59.381,0
61.0,2.0,1,0.1700000000000017,80.67399999999999,-59.211,0
62.0,2.0,1,-1.9380000000000024,79.70433333333334,-61.149,0
63.0,2.0,1,0.686000000000007,79.34366666666666,-60.462999999999994,0
65.0,2.0,1,0.06499999999999773,78.948,-60.397999999999996,0
66.0,2.0,1,-0.4939999999999998,79.03366666666666,-60.891999999999996,0
67.0,2.0,1,-0.10200000000000387,78.85666666666667,-60.994,0
69.0,2.0,1,-0.2609999999999957,78.571,-61.254999999999995,0
71.0,2.0,1,-0.22299999999999898,78.37566666666667,-61.477999999999994,0
72.0,2.0,1,0.24200000000000443,78.295,-61.23599999999999,0
73.0,2.0,1,-0.39000000000000057,78.17133333333334,-61.62599999999999,0
74.0,2.0,1,-1.3030000000000115,77.68766666666667,-62.929,0
75.0,2.0,1,1.4310000000000116,77.60033333333332,-61.49799999999999,0
76.0,2.0,1,-0.6039999999999992,77.44166666666666,-62.10199999999999,0
77.0,2.0,1,-1.8910000000000053,77.087,-63.992999999999995,0
4.0,2.0,1,-3.682000000000002,85.21700000000001,-3.682000000000002,0
5.0,2.0,1,0.2639999999999958,84.69133333333333,-3.4180000000000064,0
6.0,2.0,1,-0.2710000000000008,83.46166666666667,-3.689000000000007,0
7.0,2.0,1,-1.906000000000006,82.824,-5.595000000000013,0
8.0,2.0,1,0.1490000000000009,82.148,-5.446000000000012,0
9.0,2.0,1,0.23900000000000432,81.642,-5.207000000000008,0
10.0,2.0,1,-0.4140000000000015,81.63333333333333,-5.621000000000009,0
11.0,2.0,1,-0.11199999999999477,81.53766666666667,-5.733000000000004,0
12.0,2.0,1,-0.16100000000000136,81.30866666666667,-5.8940000000000055,0
13.0,2.0,1,-0.992999999999995,80.88666666666667,-6.8870000000000005,0
14.0,2.0,1,-0.045000000000001705,80.48700000000001,-6.932000000000002,0
15.0,2.0,1,-0.15500000000000114,80.08933333333334,-7.087000000000003,0
16.0,2.0,1,0.4129999999999967,80.16033333333333,-6.674000000000007,0
17.0,2.0,1,-0.6460000000000008,80.031,-7.320000000000007,0
18.0,2.0,1,0.2990000000000066,80.053,-7.021000000000001,0
20.0,2.0,1,0.46699999999999875,80.093,-6.554000000000002,0
21.0,2.0,1,-0.7439999999999998,80.10033333333332,-7.298000000000002,0
22.0,2.0,1,0.8299999999999983,80.28466666666668,-6.4680000000000035,0
23.0,2.0,1,-1.5010000000000048,79.813,-7.969000000000008,0
24.0,2.0,1,-0.30400000000000205,79.488,-8.27300000000001,0
25.0,2.0,1,0.5570000000000022,79.07199999999999,-7.716000000000008,0
26.0,2.0,1,0.519999999999996,79.32966666666667,-7.196000000000012,0
27.0,2.0,1,-1.3129999999999882,79.251,-8.509,0
28.0,2.0,1,0.0379999999999967,78.99933333333333,-8.471000000000004,0
29.0,2.0,1,0.35299999999999443,78.69200000000001,-8.11800000000001,0
30.0,2.0,1,-0.5690000000000026,78.63266666666667,-8.687000000000012,0
31.0,2.0,1,0.10000000000000853,78.594,-8.587000000000003,0
32.0,2.0,1,0.14699999999999136,78.48666666666666,-8.440000000000012,0
33.0,2.0,1,0.1280000000000001,78.61166666666666,-8.312000000000012,0
34.0,2.0,1,0.11400000000000432,78.74133333333333,-8.198000000000008,0
35.0,2.0,1,0.6580000000000013,79.04133333333333,-7.540000000000006,0
36.0,2.0,1,1.1299999999999955,79.67533333333333,-6.410000000000011,0
37.0,2.0,1,-2.042999999999992,79.59033333333333,-8.453000000000003,0
38.0,2.0,1,1.9089999999999918,79.92233333333333,-6.544000000000011,0
39.0,2.0,1,-1.570999999999998,79.354,-8.115000000000009,0
40.0,2.0,1,-0.269999999999996,79.37666666666667,-8.385000000000005,0
41.0,2.0,1,0.27299999999999613,78.854,-8.112000000000009,0
42.0,2.0,1,-1.4039999999999964,78.387,-9.516000000000005,0
43.0,2.0,1,0.32500000000000284,78.11833333333334,-9.191000000000003,0
45.0,2.0,1,0.2890000000000015,77.855,-8.902000000000001,0
46.0,2.0,1,-0.05200000000000671,78.04233333333333,-8.954000000000008,0
47.0,2.0,1,0.22700000000000387,78.197,-8.727000000000004,0
48.0,2.0,1,-0.5,78.08866666666667,-9.227000000000004,0
49.0,2.0,1,-0.43300000000000693,77.85333333333334,-9.66000000000001,0
50.0,2.0,1,1.0630000000000024,77.89666666666666,-8.597000000000008,1
52.0,3.0,2,1.2409999999999997,79.702,0.0,0
53.0,3.0,2,-3.2439999999999998,78.08,-3.2439999999999998,0
54.0,3.0,2,-0.06999999999999318,77.516,-3.313999999999993,0
55.0,3.0,2,0.1039999999999992,76.44600000000001,-3.2099999999999937,0
56.0,3.0,2,-2.0690000000000026,75.76766666666667,-5.278999999999996,0
57.0,3.0,2,3.4339999999999975,76.25733333333334,-1.8449999999999989,0
58.0,3.0,2,-1.0019999999999953,76.37833333333333,-2.846999999999994,0
59.0,3.0,2,-2.6510000000000105,76.30533333333334,-5.498000000000005,0
60.0,3.0,2,1.6440000000000055,75.63566666666667,-3.853999999999999,0
61.0,3.0,2,-0.5739999999999981,75.10866666666666,-4.427999999999997,0
62.0,3.0,2,0.14000000000000057,75.512,-4.287999999999997,0
63.0,3.0,2,-1.2489999999999952,74.95100000000001,-5.536999999999992,0
64.0,3.0,2,1.9989999999999952,75.24766666666666,-3.5379999999999967,0
65.0,3.0,2,-0.9740000000000038,75.173,-4.5120000000000005,0
66.0,3.0,2,0.15200000000000102,75.56533333333333,-4.359999999999999,0
67.0,3.0,2,0.7750000000000057,75.54966666666667,-3.5849999999999937,0
68.0,3.0,2,-0.2810000000000059,75.765,-3.8659999999999997,0
69.0,3.0,2,-0.1880000000000024,75.867,-4.054000000000002,0
70.0,3.0,2,-0.009999999999990905,75.70733333333332,-4.063999999999993,0
71.0,3.0,2,0.0049999999999954525,75.643,-4.0589999999999975,0
72.0,3.0,2,-0.17499999999999716,75.58300000000001,-4.233999999999995,0
73.0,3.0,2,-0.3340000000000032,75.415,-4.567999999999998,0
74.0,3.0,2,0.18999999999999773,75.30866666666667,-4.378,0
75.0,3.0,2,0.0,75.26066666666667,-4.378,0
78.0,3.0,2,1.031000000000006,75.66766666666666,-3.346999999999994,0
4.0,2.0,2,-1.9989999999999952,83.6245,-1.9989999999999952,0
5.0,2.0,2,-0.8299999999999983,83.01466666666666,-2.8289999999999935,0
6.0,2.0,2,-0.6500000000000057,81.855,-3.478999999999999,0
7.0,2.0,2,-0.16499999999999204,81.30666666666667,-3.6439999999999912,0
8.0,2.0,2,0.04999999999999716,81.05166666666666,-3.593999999999994,0
9.0,2.0,2,-0.9159999999999968,80.70800000000001,-4.509999999999991,0
10.0,2.0,2,0.6610000000000014,80.63966666666666,-3.8489999999999895,0
11.0,2.0,2,0.2710000000000008,80.64500000000001,-3.5779999999999887,0
12.0,2.0,2,-0.7940000000000111,80.69100000000002,-4.372,0
13.0,2.0,2,-1.2349999999999994,80.105,-5.606999999999999,0
14.0,2.0,2,0.8960000000000008,79.72733333333333,-4.7109999999999985,0
15.0,2.0,2,-0.07500000000000284,79.58933333333333,-4.786000000000001,0
16.0,2.0,2,0.31800000000001205,79.969,-4.467999999999989,0
17.0,2.0,2,0.12299999999999045,80.091,-4.344999999999999,0
18.0,2.0,2,-0.6989999999999981,80.005,-5.043999999999997,0
19.0,2.0,2,-0.7379999999999995,79.567,-5.7819999999999965,0
20.0,2.0,2,-0.117999999999995,79.04866666666668,-5.8999999999999915,0
21.0,2.0,2,-0.25200000000000955,78.67933333333333,-6.152000000000001,0
22.0,2.0,2,0.14800000000001035,78.60533333333333,-6.003999999999991,0
23.0,2.0,2,-0.16200000000000614,78.51666666666667,-6.165999999999997,0
25.0,2.0,2,0.5150000000000006,78.68366666666667,-5.650999999999996,0
26.0,2.0,2,-0.5280000000000058,78.62533333333333,-6.179000000000002,0
27.0,2.0,2,-0.09399999999999409,78.58966666666667,-6.272999999999996,0
28.0,2.0,2,0.35899999999999466,78.502,-5.9140000000000015,0
29.0,2.0,2,0.3430000000000035,78.70466666666665,-5.570999999999998,0
30.0,2.0,2,0.882000000000005,79.23266666666666,-4.688999999999993,0
31.0,2.0,2,-1.5420000000000016,79.127,-6.2309999999999945,0
32.0,2.0,2,0.7319999999999993,79.151,-5.498999999999995,0
33.0,2.0,2,-0.6310000000000002,78.67066666666666,-6.1299999999999955,0
34.0,2.0,2,0.8250000000000028,78.97933333333333,-5.304999999999993,0
35.0,2.0,2,-0.7890000000000015,78.781,-6.093999999999994,0
36.0,2.0,2,0.15899999999999181,78.846,-5.935000000000002,0
37.0,2.0,2,0.2360000000000042,78.71466666666666,-5.698999999999998,0
38.0,2.0,2,-0.39699999999999136,78.714,-6.095999999999989,0
39.0,2.0,2,-0.3470000000000084,78.54466666666667,-6.442999999999998,0
40.0,2.0,2,0.5520000000000067,78.48066666666666,-5.890999999999991,0
41.0,2.0,2,-0.03900000000000148,78.536,-5.929999999999993,0
42.0,2.0,2,0.5829999999999984,78.90133333333334,-5.346999999999994,0
43.0,2.0,2,-1.4120000000000061,78.61200000000001,-6.759,0
44.0,2.0,2,0.41100000000000136,78.47266666666665,-6.347999999999999,0
45.0,2.0,2,0.26500000000000057,78.22733333333333,-6.082999999999998,0
46.0,2.0,2,0.02599999999999625,78.46133333333334,-6.057000000000002,0
47.0,2.0,2,0.6180000000000092,78.76433333333334,-5.438999999999993,0
48.0,2.0,2,-1.2439999999999998,78.56433333333332,-6.682999999999993,0
49.0,2.0,2,0.5649999999999977,78.544,-6.117999999999995,0
50.0,2.0,2,-0.32099999999999795,78.21066666666667,-6.438999999999993,0
51.0,2.0,2,-0.394999999999996,78.16033333333334,-6.833999999999989,0
52.0,2.0,2,0.5210000000000008,78.09533333333334,-6.312999999999988,0
54.0,2.0,2,-0.9540000000000077,77.81933333333333,-7.266999999999996,0
55.0,2.0,2,0.0870000000000033,77.70400000000001,-7.179999999999993,0
57.0,2.0,2,0.19599999999999795,77.48033333333333,-6.983999999999995,0
58.0,2.0,2,-0.6119999999999948,77.37066666666668,-7.595999999999989,0
59.0,2.0,2,0.006000000000000227,77.234,-7.589999999999989,0
60.0,2.0,2,-0.6200000000000045,76.82533333333333,-8.209999999999994,0
61.0,2.0,2,0.44899999999999807,76.77033333333333,-7.760999999999996,0
62.0,2.0,2,0.590999999999994,76.91033333333333,-7.170000000000002,0
63.0,2.0,2,-0.4829999999999899,77.096,-7.652999999999992,0
64.0,2.0,2,-0.41100000000000136,76.995,-8.063999999999993,0
65.0,2.0,2,0.046999999999997044,76.71266666666666,-8.016999999999996,0
66.0,2.0,2,-0.117999999999995,76.552,-8.134999999999991,0
67.0,2.0,2,-0.5480000000000018,76.34566666666667,-8.682999999999993,0
68.0,2.0,2,0.14099999999999113,76.17066666666666,-8.542000000000002,0
69.0,2.0,2,0.291000000000011,76.132,-8.25099999999999,0
70.0,2.0,2,-0.6060000000000088,76.074,-8.857,0
71.0,2.0,2,-0.6049999999999898,75.76733333333334,-9.461999999999989,0
72.0,2.0,2,0.3849999999999909,75.492,-9.076999999999998,0
73.0,2.0,2,0.671999999999997,75.64266666666667,-8.405000000000001,0
74.0,2.0,2,-0.11399999999999011,75.957,-8.518999999999991,0
75.0,2.0,2,0.2819999999999965,76.23700000000001,-8.236999999999995,0
76.0,2.0,2,0.4210000000000065,76.43333333333334,-7.815999999999988,0
77.0,2.0,2,0.125,76.70933333333333,-7.690999999999988,0
78.0,2.0,2,1.7029999999999887,77.459,-5.9879999999999995,0
4.0,2.0,2,-2.5010000000000048,84.0325,-2.5010000000000048,0
5.0,2.0,2,-0.6349999999999909,83.404,-3.1359999999999957,0
6.0,2.0,2,-0.3430000000000035,82.24433333333333,-3.478999999999999,0
7.0,2.0,2,-0.9759999999999991,81.593,-4.454999999999998,0
8.0,2.0,2,-0.008000000000009777,81.15066666666667,-4.463000000000008,0
9.0,2.0,2,-0.4229999999999876,80.68166666666666,-4.885999999999996,0
10.0,2.0,2,0.5749999999999886,80.72966666666666,-4.311000000000007,0
11.0,2.0,2,-0.10199999999998965,80.74633333333333,-4.412999999999997,0
12.0,2.0,2,-0.9369999999999976,80.59166666666667,-5.349999999999994,0
13.0,2.0,2,-0.11300000000001376,80.20766666666667,-5.463000000000008,0
14.0,2.0,2,-0.43499999999998806,79.71266666666666,-5.897999999999996,0
15.0,2.0,2,0.39000000000000057,79.66000000000001,-5.507999999999996,0
16.0,2.0,2,-0.13800000000000523,79.599,-5.646000000000001,0
18.0,2.0,2,-0.23900000000000432,79.60333333333334,-5.885000000000005,0
19.0,2.0,2,-0.117999999999995,79.43833333333333,-6.003,0
20.0,2.0,2,-0.23699999999999477,79.24033333333334,-6.239999999999995,0
21.0,2.0,2,-0.060000000000002274,79.10200000000002,-6.299999999999997,0
22.0,2.0,2,-0.0020000000000095497,79.00233333333334,-6.302000000000007,0
23.0,2.0,2,0.21300000000000807,79.05266666666667,-6.088999999999999,0
24.0,2.0,2,-0.49500000000000455,78.95800000000001,-6.584000000000003,0
25.0,2.0,2,-0.0589999999999975,78.84433333333334,-6.643000000000001,0
26.0,2.0,2,-0.24399999999999977,78.57833333333333,-6.8870000000000005,0
27.0,2.0,2,0.32399999999999807,78.58533333333332,-6.563000000000002,0
28.0,2.0,2,0.5180000000000007,78.78466666666667,-6.045000000000002,0
29.0,2.0,2,-0.4719999999999942,78.908,-6.516999999999996,0
30.0,2.0,2,-0.36299999999999955,78.80233333333335,-6.8799999999999955,0
31.0,2.0,2,0.37699999999999534,78.64966666666668,-6.503,0
32.0,2.0,2,0.7579999999999956,78.907,-5.7450000000000045,0
33.0,2.0,2,-0.3049999999999926,79.18366666666667,-6.049999999999997,0
34.0,2.0,2,0.009999999999990905,79.33800000000001,-6.040000000000006,0
35.0,2.0,2,-0.5289999999999964,79.06333333333333,-6.569000000000003,0
36.0,2.0,2,-0.132000000000005,78.84633333333333,-6.701000000000008,0
37.0,2.0,2,-0.6239999999999952,78.41799999999999,-7.325000000000003,0
38.0,2.0,2,0.036000000000001364,78.178,-7.2890000000000015,0
39.0,2.0,2,0.3089999999999975,78.085,-6.980000000000004,0
40.0,2.0,2,0.5210000000000008,78.37366666666667,-6.459000000000003,0
41.0,2.0,2,-0.3049999999999926,78.54866666666668,-6.763999999999996,0
42.0,2.0,2,0.9170000000000016,78.92633333333333,-5.846999999999994,0
43.0,2.0,2,0.35999999999999943,79.25033333333333,-5.486999999999995,0
45.0,2.0,2,-1.899000000000001,79.043,-7.385999999999996,0
46.0,2.0,2,0.31799999999999784,78.63600000000001,-7.067999999999998,0
47.0,2.0,2,-0.07399999999999807,78.08433333333333,-7.141999999999996,0
48.0,2.0,2,-0.16600000000001103,78.11033333333333,-7.308000000000007,0
49.0,2.0,2,0.2020000000000124,78.09766666666667,-7.1059999999999945,0
50.0,2.0,2,0.04099999999999682,78.12333333333333,-7.064999999999998,0
51.0,2.0,2,-0.44599999999999795,78.05566666666668,-7.510999999999996,0
52.0,2.0,2,0.4509999999999934,78.071,-7.060000000000002,0
53.0,2.0,2,-0.6530000000000058,77.855,-7.713000000000008,0
54.0,2.0,2,0.2680000000000007,77.877,-7.445000000000007,0
57.0,2.0,2,-0.022999999999996135,77.741,-7.4680000000000035,0
58.0,2.0,2,-0.4200000000000017,77.68266666666666,-7.888000000000005,0
59.0,2.0,2,-0.27299999999999613,77.444,-8.161000000000001,0
60.0,2.0,2,-0.4270000000000067,77.07066666666667,-8.588000000000008,0
61.0,2.0,2,0.9190000000000111,77.14366666666668,-7.668999999999997,0
62.0,2.0,2,-1.588000000000008,76.77833333333332,-9.257000000000005,0
63.0,2.0,2,0.8500000000000085,76.83866666666667,-8.406999999999996,0
64.0,2.0,2,-1.1340000000000003,76.21466666666667,-9.540999999999997,0
65.0,2.0,2,1.4009999999999962,76.587,-8.14,0
66.0,2.0,2,-0.929000000000002,76.36633333333333,-9.069000000000003,0
67.0,2.0,2,-0.09900000000000375,76.49066666666666,-9.168000000000006,0
68.0,2.0,2,0.05700000000000216,76.16699999999999,-9.111000000000004,0
69.0,2.0,2,0.1419999999999959,76.20033333333333,-8.969000000000008,0
70.0,2.0,2,0.8990000000000009,76.56633333333332,-8.070000000000007,0
71.0,2.0,2,-0.6039999999999992,76.712,-8.674000000000007,0
73.0,2.0,2,-0.32399999999999807,76.70233333333333,-8.998000000000005,0
74.0,2.0,2,0.14400000000000546,76.441,-8.854,0
75.0,2.0,2,0.08799999999999386,76.41033333333333,-8.766000000000005,0
78.0,2.0,2,0.7790000000000106,76.74733333333334,-7.986999999999995,0
4.0,2.0,2,-2.63900000000001,83.6335,-2.63900000000001,0
5.0,2.0,2,-0.2949999999999875,83.09533333333333,-2.9339999999999975,0
6.0,2.0,2,-0.6650000000000063,81.89566666666667,-3.5990000000000038,0
7.0,2.0,2,-0.5459999999999923,81.39366666666668,-4.144999999999996,0
8.0,2.0,2,0.25,81.07333333333334,-3.894999999999996,0
9.0,2.0,2,-1.152000000000001,80.59066666666668,-5.046999999999997,0
10.0,2.0,2,0.9839999999999947,80.61800000000001,-4.063000000000002,0
11.0,2.0,2,0.007999999999995566,80.56466666666667,-4.055000000000007,0
12.0,2.0,2,-0.762999999999991,80.641,-4.817999999999998,0
13.0,2.0,2,-1.3900000000000006,79.926,-6.207999999999998,0
14.0,2.0,2,1.2689999999999912,79.63133333333333,-4.939000000000007,0
15.0,2.0,2,0.25,79.67433333333334,-4.689000000000007,0
16.0,2.0,2,-0.4350000000000023,80.03566666666667,-5.124000000000009,0
17.0,2.0,2,0.19900000000001228,80.04033333333332,-4.924999999999997,0
18.0,2.0,2,-0.19600000000001216,79.89633333333332,-5.121000000000009,0
19.0,2.0,2,-0.6529999999999916,79.67966666666666,-5.774000000000001,0
20.0,2.0,2,-0.12399999999999523,79.35533333333332,-5.897999999999996,0
21.0,2.0,2,-0.45400000000000773,78.945,-6.352000000000004,0
22.0,2.0,2,-0.016000000000005343,78.747,-6.368000000000009,0
23.0,2.0,2,0.0730000000000075,78.61466666666666,-6.295000000000002,0
24.0,2.0,2,-0.02200000000000557,78.62633333333332,-6.317000000000007,0
25.0,2.0,2,0.14800000000001035,78.69266666666667,-6.168999999999997,0
28.0,2.0,2,0.006999999999990791,78.73700000000001,-6.162000000000006,0
29.0,2.0,2,0.2190000000000083,78.86166666666666,-5.942999999999998,0
30.0,2.0,2,0.3859999999999957,79.06566666666667,-5.557000000000002,0
31.0,2.0,2,-0.9470000000000027,78.95166666666667,-6.504000000000005,0
34.0,2.0,2,0.5289999999999964,78.941,-5.9750000000000085,0
35.0,2.0,2,-0.37299999999999045,78.67733333333332,-6.347999999999999,0
36.0,2.0,2,0.277000000000001,78.82166666666666,-6.070999999999998,0
37.0,2.0,2,-0.27000000000001023,78.69966666666666,-6.341000000000008,0
38.0,2.0,2,0.11899999999999977,78.74166666666666,-6.222000000000008,0
39.0,2.0,2,-0.3689999999999998,78.56833333333333,-6.591000000000008,0
40.0,2.0,2,0.5889999999999986,78.68133333333333,-6.0020000000000095,0
42.0,2.0,2,0.8440000000000083,79.036,-5.158000000000001,0
43.0,2.0,2,-1.5970000000000084,78.98133333333332,-6.75500000000001,0
44.0,2.0,2,0.07900000000000773,78.75666666666667,-6.676000000000002,0
45.0,2.0,2,-0.1950000000000074,78.18566666666666,-6.871000000000009,0
46.0,2.0,2,0.541000000000011,78.32733333333333,-6.329999999999998,0
47.0,2.0,2,-0.22400000000000375,78.368,-6.554000000000002,0
48.0,2.0,2,-0.0040000000000048885,78.47233333333334,-6.558000000000007,0
49.0,2.0,2,-0.25900000000000034,78.30999999999999,-6.817000000000007,0
50.0,2.0,2,0.21399999999999864,78.29366666666667,-6.603000000000009,0
52.0,2.0,2,-0.13599999999999568,78.23333333333333,-6.739000000000004,0
53.0,2.0,2,-0.605000000000004,78.05766666666666,-7.344000000000008,0
54.0,2.0,2,-0.2469999999999999,77.72833333333334,-7.591000000000008,0
55.0,2.0,2,0.08299999999999841,77.472,-7.50800000000001,0
56.0,2.0,2,0.01100000000000989,77.421,-7.497,0
57.0,2.0,2,-0.1560000000000059,77.40033333333334,-7.653000000000006,0
58.0,2.0,2,0.04399999999999693,77.36666666666667,-7.609000000000009,0
60.0,2.0,2,-0.7269999999999897,77.087,-8.335999999999999,0
61.0,2.0,2,0.15399999999999636,76.91066666666667,-8.182000000000002,0
62.0,2.0,2,0.32399999999999807,76.82766666666667,-7.858000000000004,0
63.0,2.0,2,-0.17399999999999238,76.929,-8.031999999999996,0
64.0,2.0,2,-0.012000000000000455,76.97500000000001,-8.043999999999997,0
65.0,2.0,2,-0.5180000000000007,76.74033333333334,-8.561999999999998,0
66.0,2.0,2,0.24899999999999523,76.64666666666666,-8.313000000000002,0
67.0,2.0,2,-0.04399999999999693,76.54233333333333,-8.357,0
68.0,2.0,2,0.0049999999999954525,76.61233333333332,-8.352000000000004,0
69.0,2.0,2,0.769999999999996,76.85600000000001,-7.582000000000008,0
70.0,2.0,2,-0.10099999999999909,77.08066666666666,-7.683000000000007,0
71.0,2.0,2,-0.08599999999999852,77.27499999999999,-7.7690000000000055,0
72.0,2.0,2,-0.5319999999999965,77.03533333333333,-8.301000000000002,0
73.0,2.0,2,-0.3709999999999951,76.70566666666667,-8.671999999999997,0
75.0,2.0,2,0.36299999999999955,76.52566666666667,-8.308999999999997,0
76.0,2.0,2,-0.054000000000002046,76.50500000000001,-8.363,0
77.0,2.0,2,0.14399999999999125,76.656,-8.219000000000008,0
78.0,2.0,2,0.3920000000000101,76.81666666666666,-7.826999999999998,0
3.0,2.0,2,-40.452,109.882,-40.452,0
4.0,2.0,2,-6.132000000000005,101.096,-46.584,0
5.0,2.0,2,0.21999999999999886,85.64133333333332,-46.364000000000004,0
6.0,2.0,2,-0.9959999999999951,83.33866666666667,-47.36,0
7.0,2.0,2,-0.0010000000000047748,83.07966666666667,-47.361000000000004,0
8.0,2.0,2,-0.31399999999999295,82.64266666666667,-47.675,0
9.0,2.0,2,-0.9050000000000011,82.236,-48.58,0
10.0,2.0,2,0.4479999999999933,81.979,-48.132000000000005,0
11.0,2.0,2,-0.44599999999999795,81.67800000000001,-48.578,0
12.0,2.0,2,-0.2530000000000001,81.59433333333334,-48.831,0
13.0,2.0,2,0.1389999999999958,81.40766666666667,-48.69200000000001,0
14.0,2.0,2,-0.024999999999991473,81.36133333333333,-48.717,0
15.0,2.0,2,-0.21399999999999864,81.32800000000002,-48.931,0
16.0,2.0,2,-0.05200000000000671,81.23100000000001,-48.983000000000004,0
17.0,2.0,2,-0.26300000000000523,81.05466666666666,-49.24600000000001,0
18.0,2.0,2,0.24600000000000932,81.03166666666665,-49.0,0
19.0,2.0,2,0.20199999999999818,81.09333333333332,-48.798,0
20.0,2.0,2,-0.3680000000000092,81.12,-49.16600000000001,0
21.0,2.0,2,-0.125,81.02300000000001,-49.29100000000001,0
22.0,2.0,2,0.03200000000001069,80.86933333333333,-49.259,0
23.0,2.0,2,-0.1869999999999976,80.776,-49.446,0
24.0,2.0,2,-0.31400000000000716,80.61966666666667,-49.760000000000005,0
25.0,2.0,2,0.6809999999999974,80.67966666666666,-49.07900000000001,0
26.0,2.0,2,-0.33799999999999386,80.68933333333332,-49.417,0
27.0,2.0,2,0.6739999999999924,81.02833333333332,-48.74300000000001,0
28.0,2.0,2,0.20100000000000762,81.20733333333332,-48.542,0
29.0,2.0,2,-0.30100000000000193,81.39866666666666,-48.843,0
30.0,2.0,2,-0.3649999999999949,81.24366666666667,-49.208,0
31.0,2.0,2,-0.19700000000000273,80.956,-49.405,0
33.0,2.0,2,-0.30800000000000693,80.66600000000001,-49.71300000000001,0
34.0,2.0,2,0.4450000000000074,80.646,-49.268,0
35.0,2.0,2,-0.29999999999999716,80.59166666666668,-49.568,0
36.0,2.0,2,0.5859999999999985,80.83533333333334,-48.982,0
37.0,2.0,2,0.23199999999999932,81.008,-48.75,0
38.0,2.0,2,-0.25900000000000034,81.19433333333333,-49.009,0
39.0,2.0,2,0.1559999999999917,81.23733333333332,-48.85300000000001,0
40.0,2.0,2,-0.3849999999999909,81.07466666666666,-49.238,0
41.0,2.0,2,4.347999999999999,82.44766666666668,-44.89,0
42.0,2.0,2,-3.6910000000000025,82.53833333333334,-48.581,0
43.0,2.0,2,-0.47400000000000375,82.59933333333333,-49.05500000000001,0
44.0,2.0,2,-3.049999999999997,80.19433333333332,-52.105000000000004,0
45.0,2.0,2,3.7579999999999956,80.27233333333334,-48.34700000000001,0
46.0,2.0,2,-4.588999999999999,78.97866666666665,-52.93600000000001,0
47.0,2.0,2,3.899000000000001,80.00133333333333,-49.037000000000006,0
48.0,2.0,2,-2.7890000000000015,78.84166666666665,-51.82600000000001,0
49.0,2.0,2,1.5550000000000068,79.73,-50.271,0
50.0,2.0,2,-0.04099999999999682,79.30499999999999,-50.312,0
51.0,2.0,2,2.8870000000000005,80.772,-47.425,0
53.0,2.0,2,-2.6040000000000134,80.85266666666668,-50.02900000000001,0
54.0,2.0,2,-0.9029999999999916,80.646,-50.932,0
55.0,2.0,2,0.2809999999999917,79.57066666666667,-50.65100000000001,0
56.0,2.0,2,2.5500000000000114,80.21333333333332,-48.101,0
57.0,2.0,2,-2.335000000000008,80.37866666666667,-50.43600000000001,0
59.0,2.0,2,-0.73599999999999,80.205,-51.172,0
60.0,2.0,2,0.29399999999999693,79.27933333333334,-50.878,0
61.0,2.0,2,-0.4590000000000032,78.979,-51.337,0
62.0,2.0,2,0.20600000000000307,78.99266666666666,-51.131,0
64.0,2.0,2,-0.3400000000000034,78.795,-51.471000000000004,0
65.0,2.0,2,0.09300000000000352,78.78133333333334,-51.378,0
66.0,2.0,2,-0.4819999999999993,78.53833333333334,-51.86,0
67.0,2.0,2,-0.029000000000010573,78.399,-51.88900000000001,0
68.0,2.0,2,-0.10299999999999443,78.19433333333333,-51.992000000000004,0
70.0,2.0,2,0.5900000000000034,78.347,-51.402,0
71.0,2.0,2,-0.597999999999999,78.31,-52.0,0
72.0,2.0,2,-0.04000000000000625,78.294,-52.040000000000006,0
73.0,2.0,2,0.4440000000000026,78.22933333333333,-51.596000000000004,0
74.0,2.0,2,1.8460000000000036,78.97933333333333,-49.75,0
75.0,2.0,2,-1.713000000000008,79.17166666666667,-51.46300000000001,0
76.0,2.0,2,0.2850000000000108,79.31099999999999,-51.178,0
4.0,2.0,1,-2.4510000000000076,84.0935,-2.4510000000000076,0
5.0,2.0,1,0.1770000000000067,83.744,-2.274000000000001,0
6.0,2.0,1,-0.03300000000000125,82.97500000000001,-2.307000000000002,0
7.0,2.0,1,-1.5969999999999942,82.49066666666668,-3.9039999999999964,0
8.0,2.0,1,0.19699999999998852,82.01299999999999,-3.707000000000008,0
9.0,2.0,1,-0.17899999999998784,81.48666666666666,-3.8859999999999957,0
10.0,2.0,1,0.09799999999999898,81.52533333333334,-3.7879999999999967,0
11.0,2.0,1,-0.07900000000000773,81.472,-3.8670000000000044,0
12.0,2.0,1,-1.1359999999999957,81.09966666666666,-5.003,0
13.0,2.0,1,0.20900000000000318,80.76433333333334,-4.793999999999997,0
14.0,2.0,1,-0.2530000000000001,80.371,-5.046999999999997,0
15.0,2.0,1,-0.07000000000000739,80.33300000000001,-5.117000000000004,0
16.0,2.0,1,-0.2890000000000015,80.129,-5.406000000000006,0
17.0,2.0,1,0.23700000000000898,80.08833333333334,-5.168999999999997,0
18.0,2.0,1,-0.7120000000000033,79.83366666666666,-5.881,0
19.0,2.0,1,0.7189999999999941,79.915,-5.162000000000006,0
21.0,2.0,1,-0.3689999999999998,79.79433333333333,-5.531000000000006,0
22.0,2.0,1,-0.0969999999999942,79.87866666666667,-5.628,0
23.0,2.0,1,-0.29399999999999693,79.62533333333333,-5.921999999999997,0
24.0,2.0,1,0.08699999999998909,79.524,-5.835000000000008,0
25.0,2.0,1,-0.8329999999999984,79.17733333333332,-6.668000000000006,0
26.0,2.0,1,0.355000000000004,79.047,-6.313000000000002,0
27.0,2.0,1,-0.07899999999999352,78.86133333333333,-6.391999999999996,0
29.0,2.0,1,-0.3030000000000115,78.85233333333333,-6.695000000000007,0
30.0,2.0,1,0.18700000000001182,78.78733333333334,-6.507999999999996,0
31.0,2.0,1,0.28999999999999204,78.84533333333333,-6.2180000000000035,0
32.0,2.0,1,0.021000000000000796,79.01133333333334,-6.197000000000003,0
33.0,2.0,1,-0.2120000000000033,79.04433333333334,-6.409000000000006,0
35.0,2.0,1,1.5379999999999967,79.49333333333333,-4.871000000000009,0
36.0,2.0,1,-0.7199999999999989,79.69533333333332,-5.591000000000008,0
37.0,2.0,1,-0.9709999999999894,79.64433333333334,-6.561999999999998,0
38.0,2.0,1,-0.31100000000000705,78.977,-6.873000000000005,0
39.0,2.0,1,0.0040000000000048885,78.551,-6.869,0
40.0,2.0,1,-0.31100000000000705,78.345,-7.180000000000007,0
41.0,2.0,1,0.16900000000001114,78.29899999999999,-7.010999999999996,0
42.0,2.0,1,-0.10400000000001342,78.217,-7.115000000000009,0
43.0,2.0,1,0.480000000000004,78.39866666666667,-6.635000000000005,0
44.0,2.0,1,-0.5069999999999908,78.355,-7.141999999999996,0
45.0,2.0,1,0.27199999999999136,78.43666666666667,-6.8700000000000045,0
46.0,2.0,1,-0.06199999999999761,78.33766666666666,-6.932000000000002,0
47.0,2.0,1,-0.0730000000000075,78.38333333333334,-7.00500000000001,0
49.0,2.0,1,0.6710000000000065,78.562,-6.334000000000003,0
50.0,2.0,1,-0.5379999999999967,78.582,-6.872,0
51.0,2.0,1,-0.39799999999999613,78.49366666666667,-7.269999999999996,0
52.0,2.0,1,0.5529999999999973,78.366,-6.716999999999999,0
53.0,2.0,1,2.2890000000000015,79.18066666666667,-4.427999999999997,0
54.0,2.0,1,-2.690000000000012,79.23133333333332,-7.118000000000009,0
55.0,2.0,1,-0.8959999999999866,78.79899999999999,-8.013999999999996,0
56.0,2.0,1,-0.23400000000000887,77.52566666666667,-8.248000000000005,0
57.0,2.0,1,-0.16100000000000136,77.09533333333333,-8.409000000000006,0
58.0,2.0,1,0.23199999999999932,77.041,-8.177000000000007,0
59.0,2.0,1,-0.29999999999999716,76.96466666666667,-8.477000000000004,0
62.0,2.0,1,-0.05499999999999261,76.92366666666668,-8.531999999999996,0
63.0,2.0,1,-0.20600000000000307,76.73666666666666,-8.738,0
64.0,2.0,1,-0.4480000000000075,76.50033333333333,-9.186000000000007,0
65.0,2.0,1,-0.4819999999999993,76.12166666666667,-9.668000000000006,0
66.0,2.0,1,0.19700000000000273,75.87733333333334,-9.471000000000004,0
67.0,2.0,1,0.3089999999999975,75.88533333333334,-9.162000000000006,0
68.0,2.0,1,-0.2259999999999991,75.97866666666665,-9.388000000000005,0
69.0,2.0,1,-0.06199999999999761,75.98566666666666,-9.450000000000003,0
70.0,2.0,1,-0.617999999999995,75.68366666666667,-10.067999999999998,0
71.0,2.0,1,0.5759999999999934,75.649,-9.492000000000004,0
72.0,2.0,1,0.012000000000000455,75.639,-9.480000000000004,0
73.0,2.0,1,-0.6110000000000042,75.63133333333333,-10.091000000000008,0
74.0,2.0,1,0.14800000000001035,75.48100000000001,-9.942999999999998,0
75.0,2.0,1,0.1490000000000009,75.37633333333333,-9.793999999999997,0
76.0,2.0,1,0.22799999999999443,75.55133333333333,-9.566000000000003,0
77.0,2.0,1,-0.22100000000000364,75.60333333333334,-9.787000000000006,0
78.0,2.0,1,0.7710000000000008,75.86266666666667,-9.016000000000005,0
4.0,2.0,2,-2.6539999999999964,83.685,-2.6539999999999964,0
5.0,2.0,2,-0.38000000000000966,83.116,-3.034000000000006,0
6.0,2.0,2,-0.8149999999999977,81.833,-3.8490000000000038,0
7.0,2.0,2,0.30299999999999727,81.53566666666666,-3.5460000000000065,0
8.0,2.0,2,-1.1939999999999884,80.967,-4.739999999999995,0
9.0,2.0,2,0.2530000000000001,80.75433333333334,-4.486999999999995,0
10.0,2.0,2,0.7339999999999947,80.68533333333335,-3.753,0
11.0,2.0,2,-1.0130000000000052,80.67666666666666,-4.766000000000005,0
12.0,2.0,2,-0.27199999999999136,80.493,-5.037999999999997,0
13.0,2.0,2,0.042999999999992156,80.079,-4.9950000000000045,0
14.0,2.0,2,-0.5369999999999919,79.82366666666667,-5.5319999999999965,0
15.0,2.0,2,0.06300000000000239,79.68,-5.468999999999994,0
16.0,2.0,2,1.0359999999999872,79.86733333333335,-4.433000000000007,0
17.0,2.0,2,-0.5030000000000001,80.06599999999999,-4.936000000000007,0
18.0,2.0,2,-0.8989999999999867,79.944,-5.834999999999994,0
19.0,2.0,2,0.26799999999998647,79.56599999999999,-5.567000000000007,0
20.0,2.0,2,-0.04199999999998738,79.34166666666668,-5.608999999999995,0
21.0,2.0,2,-0.4860000000000042,79.255,-6.094999999999999,0
22.0,2.0,2,-0.028000000000005798,79.06966666666666,-6.123000000000005,0
23.0,2.0,2,0.1039999999999992,78.93299999999999,-6.0190000000000055,0
24.0,2.0,2,-0.42499999999999716,78.81666666666666,-6.444000000000003,0
25.0,2.0,2,-0.0309999999999917,78.69933333333334,-6.474999999999994,0
26.0,2.0,2,-0.4490000000000123,78.39766666666667,-6.924000000000007,0
27.0,2.0,2,1.402000000000001,78.705,-5.522000000000006,0
28.0,2.0,2,-0.20899999999998897,78.95299999999999,-5.7309999999999945,0
29.0,2.0,2,-0.5840000000000032,79.156,-6.314999999999998,0
30.0,2.0,2,-1.3710000000000093,78.43466666666667,-7.686000000000007,0
31.0,2.0,2,2.4580000000000126,78.60233333333333,-5.227999999999994,0
32.0,2.0,2,0.35199999999998965,79.082,-4.876000000000005,0
33.0,2.0,2,-1.3579999999999899,79.566,-6.233999999999995,0
34.0,2.0,2,0.23499999999999943,79.309,-5.998999999999995,0
35.0,2.0,2,-0.5480000000000018,78.752,-6.546999999999997,0
36.0,2.0,2,0.8100000000000023,78.91766666666668,-5.736999999999995,0
37.0,2.0,2,-1.6980000000000075,78.43900000000001,-7.435000000000002,0
38.0,2.0,2,0.835000000000008,78.42133333333334,-6.599999999999994,0
39.0,2.0,2,-0.10200000000000387,78.09966666666666,-6.701999999999998,0
40.0,2.0,2,0.3430000000000035,78.45833333333333,-6.358999999999995,0
41.0,2.0,2,0.06099999999999284,78.55900000000001,-6.298000000000002,0
42.0,2.0,2,0.45700000000000784,78.846,-5.840999999999994,0
43.0,2.0,2,0.4229999999999876,79.15966666666667,-5.418000000000006,0
45.0,2.0,2,-1.708999999999989,78.88333333333333,-7.126999999999995,0
46.0,2.0,2,0.8459999999999894,78.73666666666666,-6.281000000000006,0
47.0,2.0,2,-0.5899999999999892,78.25233333333334,-6.870999999999995,0
49.0,2.0,2,0.117999999999995,78.37700000000001,-6.753,0
50.0,2.0,2,0.28600000000000136,78.31500000000001,-6.466999999999999,0
51.0,2.0,2,-1.016999999999996,78.11066666666666,-7.483999999999995,0
52.0,2.0,2,0.5659999999999883,78.05566666666665,-6.918000000000006,0
53.0,2.0,2,-0.33499999999999375,77.79366666666667,-7.253,0
54.0,2.0,2,-0.016999999999995907,77.86500000000001,-7.269999999999996,0
56.0,2.0,2,0.37699999999999534,77.87333333333333,-6.893000000000001,0
58.0,2.0,2,-0.617999999999995,77.78733333333334,-7.510999999999996,0
59.0,2.0,2,-0.36700000000000443,77.58466666666666,-7.878,0
60.0,2.0,2,-1.9749999999999943,76.598,-9.852999999999994,0
61.0,2.0,2,3.8870000000000005,77.11300000000001,-5.965999999999994,0
62.0,2.0,2,-4.320000000000007,76.31033333333333,-10.286000000000001,0
63.0,2.0,2,3.4809999999999945,77.32633333333332,-6.805000000000007,0
64.0,2.0,2,-3.3939999999999912,75.91533333333332,-10.198999999999998,0
65.0,2.0,2,3.323999999999998,77.05233333333332,-6.875,0
66.0,2.0,2,-2.7279999999999944,76.11966666666667,-9.602999999999994,0
67.0,2.0,2,1.4379999999999882,76.79766666666666,-8.165000000000006,0
68.0,2.0,2,-1.2519999999999953,75.95033333333333,-9.417000000000002,0
69.0,2.0,2,0.6230000000000047,76.22,-8.793999999999997,0
70.0,2.0,2,0.8990000000000009,76.31,-7.894999999999996,0
71.0,2.0,2,0.0969999999999942,76.84966666666668,-7.798000000000002,0
73.0,2.0,2,-0.796999999999997,76.916,-8.594999999999999,0
74.0,2.0,2,-0.3539999999999992,76.56466666666667,-8.948999999999998,0
75.0,2.0,2,0.8419999999999987,76.46166666666667,-8.107,0
77.0,2.0,2,-0.20400000000000773,76.55633333333334,-8.311000000000007,0
78.0,2.0,2,0.3710000000000093,76.89266666666667,-7.939999999999998,0
3.0,2.0,2,-31.158,105.656,-31.158,0
4.0,2.0,2,-6.394999999999996,98.33133333333335,-37.553,0
5.0,2.0,2,-0.007999999999995566,85.81099999999999,-37.56099999999999,0
7.0,2.0,2,-0.7750000000000057,83.41833333333334,-38.336,0
8.0,2.0,2,-0.6779999999999973,82.93133333333334,-39.013999999999996,0
9.0,2.0,2,-0.5420000000000016,82.26633333333334,-39.556,0
10.0,2.0,2,0.26500000000000057,81.948,-39.291,0
11.0,2.0,2,-0.4519999999999982,81.705,-39.742999999999995,0
12.0,2.0,2,-0.08800000000000807,81.61333333333333,-39.831,0
13.0,2.0,2,0.09499999999999886,81.465,-39.736000000000004,0
14.0,2.0,2,-0.28000000000000114,81.374,-40.016000000000005,0
15.0,2.0,2,0.12100000000000932,81.35266666666666,-39.894999999999996,0
16.0,2.0,2,-0.6940000000000026,81.06833333333333,-40.589,0
17.0,2.0,2,0.37000000000000455,81.00066666666667,-40.218999999999994,0
18.0,2.0,2,0.015000000000000568,80.89766666666667,-40.20399999999999,0
19.0,2.0,2,0.18999999999999773,81.08933333333334,-40.013999999999996,0
20.0,2.0,2,-0.3680000000000092,81.03500000000001,-40.382000000000005,0
21.0,2.0,2,-0.003999999999990678,80.97433333333333,-40.385999999999996,0
24.0,2.0,2,-0.45400000000000773,80.699,-40.84,0
25.0,2.0,2,0.5080000000000098,80.71566666666666,-40.331999999999994,0
26.0,2.0,2,0.02599999999999625,80.74233333333333,-40.306,0
27.0,2.0,2,0.3019999999999925,81.021,-40.004000000000005,0
28.0,2.0,2,0.37300000000000466,81.25466666666667,-39.631,0
29.0,2.0,2,-0.269999999999996,81.38966666666666,-39.900999999999996,0
30.0,2.0,2,-0.4939999999999998,81.25933333333334,-40.394999999999996,0
31.0,2.0,2,-0.06499999999999773,80.983,-40.459999999999994,0
34.0,2.0,2,-0.03700000000000614,80.78433333333334,-40.497,0
35.0,2.0,2,-0.15399999999999636,80.699,-40.650999999999996,0
37.0,2.0,2,0.8199999999999932,80.90866666666666,-39.831,0
38.0,2.0,2,-0.27299999999999613,81.03966666666668,-40.104,0
39.0,2.0,2,0.1419999999999959,81.26933333333334,-39.962,0
40.0,2.0,2,0.507000000000005,81.39466666666668,-39.455,0
41.0,2.0,2,2.597999999999999,82.47699999999999,-36.857,0
42.0,2.0,2,-2.5079999999999956,82.676,-39.364999999999995,0
43.0,2.0,2,-1.3179999999999978,82.26666666666667,-40.68299999999999,0
44.0,2.0,2,-1.041000000000011,80.64433333333334,-41.724000000000004,0
45.0,2.0,2,1.2090000000000032,80.26100000000001,-40.515,0
46.0,2.0,2,-0.5960000000000036,80.11833333333333,-41.111000000000004,0
47.0,2.0,2,-0.23599999999999,80.24400000000001,-41.346999999999994,0
48.0,2.0,2,1.0819999999999936,80.32733333333333,-40.265,0
49.0,2.0,2,2.995999999999995,81.608,-37.269000000000005,0
50.0,2.0,2,-3.6739999999999924,81.74266666666666,-40.943,0
51.0,2.0,2,1.5249999999999915,82.02499999999999,-39.418000000000006,0
52.0,2.0,2,-1.036999999999992,80.96300000000001,-40.455,0
53.0,2.0,2,0.5379999999999967,81.30499999999999,-39.917,0
54.0,2.0,2,0.9710000000000036,81.46233333333333,-38.946,0
55.0,2.0,2,-1.9470000000000027,81.31633333333333,-40.893,0
56.0,2.0,2,1.132000000000005,81.36833333333334,-39.760999999999996,1
58.0,3.0,1,-1.6650000000000063,79.809,0.0,0
59.0,3.0,1,-4.215000000000003,77.7015,-4.215000000000003,0
60.0,3.0,1,-0.013999999999995794,76.99433333333333,-4.228999999999999,0
61.0,3.0,1,-0.02199999999999136,75.57733333333333,-4.250999999999991,0
64.0,3.0,1,1.336999999999989,76.01100000000001,-2.9140000000000015,0
65.0,3.0,1,2.9740000000000038,77.44066666666667,0.060000000000002274,0
66.0,3.0,1,0.9300000000000068,79.18766666666666,0.9900000000000091,0
67.0,3.0,1,-0.4520000000000124,80.33833333333334,0.5379999999999967,0
68.0,3.0,1,-0.3429999999999893,80.38333333333334,0.1950000000000074,0
69.0,3.0,1,-3.9270000000000067,78.80933333333333,-3.7319999999999993,0
70.0,3.0,1,0.7890000000000015,77.649,-2.942999999999998,0
71.0,3.0,1,-0.5400000000000063,76.42299999999999,-3.483000000000004,0
72.0,3.0,1,0.07600000000000762,76.53133333333334,-3.4069999999999965,0
73.0,3.0,1,-0.031999999999996476,76.366,-3.438999999999993,0
74.0,3.0,1,0.492999999999995,76.545,-2.945999999999998,0
75.0,3.0,1,-0.5390000000000015,76.519,-3.4849999999999994,0
76.0,3.0,1,0.8730000000000047,76.79466666666667,-2.6119999999999948,0
3.0,2.0,1,-46.541,111.5735,-46.541,0
4.0,2.0,1,-4.948999999999998,102.16699999999999,-51.489999999999995,0
5.0,2.0,1,0.37699999999999534,85.12933333333332,-51.113,0
6.0,2.0,1,-0.7539999999999907,83.354,-51.86699999999999,0
7.0,2.0,1,-0.3430000000000035,83.114,-52.209999999999994,0
8.0,2.0,1,-0.9809999999999945,82.42133333333334,-53.19099999999999,0
9.0,2.0,1,0.4369999999999976,82.12566666666667,-52.75399999999999,0
10.0,2.0,1,-0.3650000000000091,81.82266666666668,-53.119,0
11.0,2.0,1,-0.2079999999999984,81.77733333333333,-53.327,0
12.0,2.0,1,-0.04599999999999227,81.57100000000001,-53.37299999999999,0
13.0,2.0,1,-0.1570000000000107,81.43399999999998,-53.53,0
14.0,2.0,1,-0.8869999999999862,81.07066666666667,-54.41699999999999,0
15.0,2.0,1,0.3539999999999992,80.84066666666666,-54.06299999999999,0
16.0,2.0,1,0.40799999999998704,80.799,-53.655,0
17.0,2.0,1,0.7810000000000059,81.31333333333333,-52.873999999999995,0
18.0,2.0,1,-1.2720000000000056,81.28566666666666,-54.146,0
19.0,2.0,1,-0.34499999999999886,81.00699999999999,-54.491,0
20.0,2.0,1,-0.9549999999999983,80.14966666666666,-55.446,0
22.0,2.0,1,1.909000000000006,80.35266666666666,-53.53699999999999,0
23.0,2.0,1,-0.11899999999999977,80.631,-53.65599999999999,0
24.0,2.0,1,0.4329999999999927,81.372,-53.223,0
25.0,2.0,1,-1.1149999999999949,81.105,-54.337999999999994,0
26.0,2.0,1,0.08299999999999841,80.90533333333333,-54.254999999999995,0
27.0,2.0,1,-0.2819999999999965,80.46733333333334,-54.53699999999999,0
28.0,2.0,1,-0.17600000000000193,80.34233333333334,-54.712999999999994,0
29.0,2.0,1,-0.6670000000000016,79.96733333333333,-55.379999999999995,0
30.0,2.0,1,1.9579999999999984,80.339,-53.422,0
31.0,2.0,1,1.1129999999999995,81.14033333333333,-52.309,0
32.0,2.0,1,-1.2830000000000013,81.73633333333333,-53.592,0
33.0,2.0,1,-0.715999999999994,81.44099999999999,-54.30799999999999,0
34.0,2.0,1,-0.7469999999999999,80.52566666666667,-55.05499999999999,0
35.0,2.0,1,-0.2920000000000016,79.94066666666667,-55.346999999999994,0
36.0,2.0,1,-0.20000000000000284,79.52766666666666,-55.547,0
37.0,2.0,1,0.3410000000000082,79.47733333333333,-55.20599999999999,0
38.0,2.0,1,0.06799999999999784,79.547,-55.13799999999999,0
39.0,2.0,1,0.16100000000000136,79.73700000000001,-54.97699999999999,0
40.0,2.0,1,0.5829999999999984,80.00766666666668,-54.39399999999999,1
43.0,3.0,2,2.325000000000003,82.775,0.0,0
44.0,3.0,2,-4.224000000000004,80.66300000000001,-4.224000000000004,0
45.0,3.0,2,0.25499999999999545,80.044,-3.9690000000000083,0
46.0,3.0,2,-0.5099999999999909,78.551,-4.478999999999999,0
47.0,3.0,2,-0.23400000000000887,78.388,-4.713000000000008,1
49.0,4.0,0,1.027000000000001,79.089,0.0,0
50.0,4.0,0,-1.301000000000002,78.4385,-1.301000000000002,0
51.0,4.0,0,-0.8059999999999974,77.95299999999999,-2.1069999999999993,0
52.0,4.0,0,0.367999999999995,77.37333333333333,-1.7390000000000043,0
53.0,4.0,0,4.197000000000003,78.62633333333332,2.4579999999999984,0
54.0,4.0,0,-0.9759999999999991,79.82266666666668,1.4819999999999993,0
55.0,4.0,0,-0.6080000000000041,80.69366666666666,0.8739999999999952,0
56.0,4.0,0,-2.6839999999999975,79.271,-1.8100000000000023,0
57.0,4.0,0,-0.3649999999999949,78.05199999999999,-2.174999999999997,0
58.0,4.0,0,0.24200000000000443,77.11633333333333,-1.9329999999999927,0
59.0,4.0,0,-0.44600000000001216,76.92666666666666,-2.379000000000005,0
60.0,4.0,0,0.6159999999999997,77.06400000000001,-1.7630000000000052,0
61.0,4.0,0,0.9720000000000084,77.44466666666666,-0.7909999999999968,0
62.0,4.0,0,0.7719999999999914,78.23133333333334,-0.019000000000005457,0
63.0,4.0,0,0.030000000000001137,78.82266666666665,0.01099999999999568,0
65.0,4.0,0,-0.367999999999995,78.96733333333333,-0.3569999999999993,0
66.0,4.0,0,0.016000000000005343,78.86,-0.340999999999994,0
67.0,4.0,0,-0.11200000000000898,78.70533333333334,-0.45300000000000296,0
68.0,4.0,0,-0.5789999999999935,78.48033333333335,-1.0319999999999965,0
69.0,4.0,0,0.21800000000000352,78.32266666666668,-0.813999999999993,0
70.0,4.0,0,0.2819999999999965,78.29633333333334,-0.5319999999999965,0
71.0,4.0,0,-0.09300000000000352,78.432,-0.625,0
72.0,4.0,0,-0.132000000000005,78.45100000000001,-0.757000000000005,0
73.0,4.0,0,2.3770000000000095,79.16833333333334,1.6200000000000045,0
74.0,4.0,0,-2.478999999999999,79.09033333333333,-0.8589999999999947,0
75.0,4.0,0,0.2809999999999917,79.14999999999999,-0.578000000000003,0
76.0,4.0,0,0.11200000000000898,78.45466666666667,-0.465999999999994,0
3.0,2.0,2,-60.713999999999984,117.91999999999999,-60.713999999999984,0
4.0,2.0,2,-4.236000000000004,106.389,-64.94999999999999,0
6.0,2.0,2,-0.10299999999999443,84.70466666666667,-65.05299999999998,0
7.0,2.0,2,-1.3980000000000103,82.79233333333333,-66.451,0
8.0,2.0,2,-0.17499999999999716,82.23366666666668,-66.62599999999999,0
9.0,2.0,2,0.24500000000000455,81.791,-66.38099999999999,0
10.0,2.0,2,-0.3050000000000068,81.71266666666666,-66.68599999999999,0
11.0,2.0,2,-0.3019999999999925,81.592,-66.98799999999999,0
12.0,2.0,2,-0.20000000000000284,81.323,-67.18799999999999,0
13.0,2.0,2,-0.4069999999999965,81.02,-67.59499999999998,0
14.0,2.0,2,0.5669999999999931,81.00666666666666,-67.02799999999999,0
15.0,2.0,2,-1.1499999999999915,80.67666666666666,-68.17799999999998,0
16.0,2.0,2,0.7479999999999905,80.73166666666667,-67.42999999999999,0
17.0,2.0,2,-0.5120000000000005,80.42699999999999,-67.942,0
19.0,2.0,2,0.4350000000000023,80.65066666666667,-67.50699999999999,0
20.0,2.0,2,-0.7789999999999964,80.36533333333334,-68.28599999999999,0
21.0,2.0,2,0.5660000000000025,80.43933333333332,-67.71999999999998,0
22.0,2.0,2,0.31799999999999784,80.47433333333333,-67.40199999999999,0
23.0,2.0,2,-0.42499999999999716,80.62733333333334,-67.82699999999998,0
24.0,2.0,2,-0.06400000000000716,80.57033333333332,-67.89099999999999,0
25.0,2.0,2,-0.05700000000000216,80.38833333333334,-67.948,0
27.0,2.0,2,-0.042999999999992156,80.33366666666666,-67.99099999999999,0
28.0,2.0,2,-0.10200000000000387,80.26633333333332,-68.09299999999999,0
29.0,2.0,2,-0.3469999999999942,80.10233333333333,-68.43999999999998,0
30.0,2.0,2,0.6580000000000013,80.17200000000001,-67.78199999999998,0
31.0,2.0,2,-0.3050000000000068,80.17399999999999,-68.08699999999999,0
32.0,2.0,2,0.8329999999999984,80.56933333333333,-67.25399999999999,0
33.0,2.0,2,-0.2740000000000009,80.654,-67.52799999999999,0
34.0,2.0,2,-1.5959999999999894,80.30833333333334,-69.12399999999998,0
35.0,2.0,2,-0.18000000000000682,79.625,-69.30399999999999,0
37.0,2.0,2,1.097999999999999,79.399,-68.20599999999999,0
41.0,2.0,2,0.7010000000000076,79.93866666666666,-67.50499999999998,0
42.0,2.0,2,-0.4520000000000124,80.38766666666668,-67.957,0
43.0,2.0,2,-0.18499999999998806,80.409,-68.14199999999998,0
44.0,2.0,2,0.25900000000000034,80.283,-67.88299999999998,0
46.0,2.0,2,-0.10000000000000853,80.27433333333333,-67.98299999999999,0
47.0,2.0,2,0.132000000000005,80.37133333333334,-67.85099999999998,0
48.0,2.0,2,0.11700000000000443,80.421,-67.73399999999998,0
49.0,2.0,2,-0.4340000000000117,80.35933333333332,-68.16799999999999,0
51.0,2.0,2,-1.468999999999994,79.764,-69.63699999999999,0
52.0,2.0,2,1.4740000000000038,79.621,-68.16299999999998,0
53.0,2.0,2,-0.2600000000000051,79.536,-68.42299999999999,0
54.0,2.0,2,5.915999999999997,81.91266666666667,-62.50699999999999,0
56.0,2.0,2,-7.268000000000001,81.37533333333333,-69.77499999999999,0
57.0,2.0,2,-0.0030000000000001137,80.92366666666668,-69.77799999999999,0
58.0,2.0,2,0.23799999999999955,78.57933333333334,-69.53999999999999,0
59.0,2.0,2,-0.7019999999999982,78.42366666666665,-70.24199999999999,0
61.0,2.0,2,2.2630000000000052,79.02333333333333,-67.97899999999998,0
62.0,2.0,2,-0.9230000000000018,79.23599999999999,-68.90199999999999,0
63.0,2.0,2,3.8430000000000035,80.96366666666667,-65.05899999999998,0
64.0,2.0,2,-5.587000000000003,80.07466666666667,-70.64599999999999,0
65.0,2.0,2,-0.6119999999999948,79.28933333333333,-71.25799999999998,0
66.0,2.0,2,1.1779999999999973,77.61566666666667,-70.07999999999998,0
67.0,2.0,2,-0.049000000000006594,77.788,-70.12899999999999,0
68.0,2.0,2,0.06100000000000705,78.18466666666667,-70.06799999999998,0
69.0,2.0,2,1.8229999999999933,78.79633333333334,-68.24499999999999,0
70.0,2.0,2,-0.6850000000000023,79.196,-68.92999999999999,0
71.0,2.0,2,-1.0889999999999986,79.21233333333333,-70.01899999999999,0
72.0,2.0,2,-1.179000000000002,78.228,-71.198,0
73.0,2.0,2,-1.1239999999999952,77.09733333333332,-72.32199999999999,0
74.0,2.0,2,-0.492999999999995,76.16533333333334,-72.81499999999998,0
75.0,2.0,2,-0.46999999999999886,75.46966666666667,-73.28499999999998,0
76.0,2.0,2,0.21299999999999386,75.21966666666667,-73.07199999999999,0
77.0,2.0,2,-0.48499999999999943,74.97233333333334,-73.55699999999999,0
4.0,2.0,1,-2.468999999999994,84.5095,-2.468999999999994,0
5.0,2.0,1,0.125,84.13966666666667,-2.343999999999994,0
6.0,2.0,1,0.38700000000000045,83.48733333333334,-1.9569999999999936,0
7.0,2.0,1,-2.504000000000005,82.82333333333334,-4.4609999999999985,0
8.0,2.0,1,0.3739999999999952,82.24233333333333,-4.087000000000003,0
9.0,2.0,1,0.08299999999999841,81.56,-4.004000000000005,0
10.0,2.0,1,-0.4959999999999951,81.54699999999998,-4.5,0
11.0,2.0,1,0.24800000000000466,81.492,-4.251999999999995,0
13.0,2.0,1,-1.588000000000008,80.88,-5.840000000000003,0
14.0,2.0,1,-0.18099999999999739,80.373,-6.021000000000001,0
15.0,2.0,1,0.6470000000000056,79.99900000000001,-5.373999999999995,0
16.0,2.0,1,-0.08299999999999841,80.12666666666667,-5.456999999999994,0
17.0,2.0,1,-0.38900000000001,80.185,-5.846000000000004,0
18.0,2.0,1,-0.31799999999999784,79.92166666666667,-6.1640000000000015,0
19.0,2.0,1,0.5910000000000082,79.883,-5.572999999999993,0
20.0,2.0,1,-0.2850000000000108,79.879,-5.858000000000004,0
21.0,2.0,1,0.3689999999999998,80.104,-5.489000000000004,0
22.0,2.0,1,-0.44199999999999307,79.98466666666667,-5.930999999999997,0
23.0,2.0,1,-0.8340000000000032,79.68233333333332,-6.765000000000001,0
24.0,2.0,1,0.3850000000000051,79.38533333333334,-6.3799999999999955,0
25.0,2.0,1,0.015999999999991132,79.241,-6.364000000000004,0
26.0,2.0,1,-0.5619999999999976,79.18733333333334,-6.926000000000002,0
27.0,2.0,1,-0.021000000000000796,78.99833333333332,-6.947000000000003,0
28.0,2.0,1,-0.11499999999999488,78.76566666666668,-7.061999999999998,0
29.0,2.0,1,0.11299999999999955,78.758,-6.948999999999998,0
30.0,2.0,1,-0.22100000000000364,78.68366666666667,-7.170000000000002,0
31.0,2.0,1,-0.010000000000005116,78.64433333333334,-7.180000000000007,0
32.0,2.0,1,0.41900000000001114,78.707,-6.760999999999996,0
33.0,2.0,1,0.02199999999999136,78.85066666666665,-6.739000000000004,0
34.0,2.0,1,0.5889999999999986,79.194,-6.150000000000006,0
35.0,2.0,1,0.6129999999999995,79.60199999999999,-5.537000000000006,0
36.0,2.0,1,-0.5729999999999933,79.81166666666667,-6.109999999999999,0
37.0,2.0,1,-0.2049999999999983,79.75666666666667,-6.314999999999998,0
38.0,2.0,1,-0.585000000000008,79.30233333333332,-6.900000000000006,0
39.0,2.0,1,-0.5180000000000007,78.86633333333333,-7.418000000000006,0
40.0,2.0,1,0.08300000000001262,78.52633333333334,-7.334999999999994,0
41.0,2.0,1,-0.3260000000000076,78.27266666666667,-7.661000000000001,0
42.0,2.0,1,-0.009000000000000341,78.18866666666666,-7.670000000000002,0
43.0,2.0,1,0.284000000000006,78.17166666666667,-7.385999999999996,0
44.0,2.0,1,0.046999999999997044,78.27900000000001,-7.338999999999999,0
45.0,2.0,1,-0.09199999999999875,78.35866666666668,-7.430999999999997,0
47.0,2.0,1,0.22400000000000375,78.41833333333334,-7.206999999999994,0
48.0,2.0,1,-0.20000000000000284,78.39566666666667,-7.4069999999999965,0
49.0,2.0,1,0.14000000000000057,78.45033333333335,-7.266999999999996,0
50.0,2.0,1,0.4029999999999916,78.56466666666667,-6.864000000000004,0
51.0,2.0,1,-0.7379999999999995,78.49966666666667,-7.602000000000004,1
53.0,3.0,2,0.5820000000000078,78.724,0.0,0
54.0,3.0,2,-2.909000000000006,77.2695,-2.909000000000006,0
55.0,3.0,2,-0.4170000000000016,76.64566666666667,-3.3260000000000076,0
56.0,3.0,2,0.06799999999999784,75.55966666666667,-3.2580000000000098,0
57.0,3.0,2,0.7150000000000034,75.68166666666666,-2.5430000000000064,0
58.0,3.0,2,-1.6119999999999948,75.40533333333333,-4.155000000000001,0
61.0,3.0,2,0.5519999999999925,75.29033333333332,-3.6030000000000086,0
62.0,3.0,2,1.440000000000012,75.41700000000002,-2.1629999999999967,0
63.0,3.0,2,-0.014000000000010004,76.07633333333332,-2.1770000000000067,0
64.0,3.0,2,0.07200000000000273,76.57566666666668,-2.105000000000004,0
65.0,3.0,2,-1.1509999999999962,76.21133333333333,-3.2560000000000002,0
66.0,3.0,2,0.6529999999999916,76.06933333333332,-2.6030000000000086,0
67.0,3.0,2,0.15500000000000114,75.955,-2.4480000000000075,0
69.0,3.0,2,-0.8130000000000024,75.95333333333333,-3.26100000000001,0
70.0,3.0,2,-0.013999999999995794,75.72933333333333,-3.2750000000000057,0
71.0,3.0,2,0.21000000000000796,75.52366666666667,-3.0649999999999977,0
72.0,3.0,2,0.07399999999999807,75.61366666666667,-2.9909999999999997,0
73.0,3.0,2,-0.29699999999999704,75.60933333333334,-3.2879999999999967,0
74.0,3.0,2,-0.056000000000011596,75.51633333333334,-3.3440000000000083,0
75.0,3.0,2,0.016000000000005343,75.404,-3.328000000000003,0
76.0,3.0,2,0.24500000000000455,75.47233333333334,-3.0829999999999984,0
77.0,3.0,2,-0.09799999999999898,75.52666666666667,-3.1809999999999974,0
78.0,3.0,2,0.7049999999999983,75.81066666666668,-2.475999999999999,0
3.0,2.0,2,-21.735,101.2635,-21.735,0
4.0,2.0,2,-6.6980000000000075,95.40833333333335,-28.433000000000007,0
5.0,2.0,2,-0.20399999999999352,85.86266666666666,-28.637,0
6.0,2.0,2,-0.8449999999999989,83.28033333333333,-29.482,0
7.0,2.0,2,0.2849999999999966,83.02566666666667,-29.197000000000003,0
8.0,2.0,2,-0.7519999999999953,82.58833333333332,-29.948999999999998,0
9.0,2.0,2,-0.3719999999999999,82.30866666666667,-30.320999999999998,0
10.0,2.0,2,0.13400000000000034,81.97866666666667,-30.186999999999998,0
11.0,2.0,2,-0.3810000000000002,81.77233333333334,-30.567999999999998,0
12.0,2.0,2,-0.37000000000000455,81.56666666666668,-30.938000000000002,0
13.0,2.0,2,0.3359999999999985,81.42833333333333,-30.602000000000004,0
14.0,2.0,2,-0.26500000000000057,81.32866666666666,-30.867000000000004,0
15.0,2.0,2,0.18300000000000693,81.41333333333334,-30.683999999999997,0
16.0,2.0,2,-0.9660000000000082,81.06400000000001,-31.650000000000006,0
17.0,2.0,2,0.49800000000000466,80.969,-31.152,0
18.0,2.0,2,-0.06799999999999784,80.79033333333332,-31.22,0
19.0,2.0,2,0.5090000000000003,81.10333333333334,-30.711,0
20.0,2.0,2,-0.5160000000000053,81.07833333333333,-31.227000000000004,0
21.0,2.0,2,-0.23499999999999943,80.99766666666666,-31.462000000000003,0
22.0,2.0,2,0.4140000000000015,80.88533333333332,-31.048000000000002,0
23.0,2.0,2,-0.2909999999999968,80.848,-31.339,0
24.0,2.0,2,-0.4450000000000074,80.74066666666666,-31.784000000000006,0
25.0,2.0,2,0.416000000000011,80.634,-31.367999999999995,0
26.0,2.0,2,0.10599999999999454,80.65966666666667,-31.262,0
27.0,2.0,2,0.4240000000000066,80.97500000000001,-30.837999999999994,0
28.0,2.0,2,0.22299999999999898,81.226,-30.614999999999995,0
29.0,2.0,2,-0.17800000000001148,81.38233333333334,-30.793000000000006,0
30.0,2.0,2,-0.29399999999999693,81.29933333333332,-31.087000000000003,0
31.0,2.0,2,-0.23799999999999955,81.06266666666666,-31.325000000000003,0
32.0,2.0,2,-0.02400000000000091,80.87733333333334,-31.349000000000004,0
33.0,2.0,2,-0.10499999999998977,80.75500000000001,-31.453999999999994,0
34.0,2.0,2,0.0589999999999975,80.73166666666667,-31.394999999999996,0
35.0,2.0,2,-0.3640000000000043,80.59500000000001,-31.759,0
36.0,2.0,2,0.6140000000000043,80.698,-31.144999999999996,0
38.0,2.0,2,0.1039999999999992,80.81600000000002,-31.040999999999997,0
39.0,2.0,2,0.14300000000000068,81.10300000000001,-30.897999999999996,0
40.0,2.0,2,3.73599999999999,82.43066666666668,-27.162000000000006,0
41.0,2.0,2,-3.8419999999999987,82.443,-31.004000000000005,0
42.0,2.0,2,0.8299999999999983,82.68433333333333,-30.174000000000007,0
43.0,2.0,2,-1.3789999999999907,81.22066666666667,-31.552999999999997,0
45.0,2.0,2,0.10800000000000409,81.07366666666667,-31.444999999999993,0
46.0,2.0,2,-0.5400000000000063,80.47000000000001,-31.985,0
47.0,2.0,2,-0.07099999999999795,80.30233333333334,-32.056,0
48.0,2.0,2,2.4059999999999917,80.90066666666667,-29.650000000000006,0
49.0,2.0,2,-0.3469999999999942,81.56333333333333,-29.997,0
50.0,2.0,2,-1.1880000000000024,81.85366666666665,-31.185000000000002,0
51.0,2.0,2,0.016000000000005343,81.34733333333334,-31.168999999999997,0
52.0,2.0,2,0.007999999999995566,80.95933333333333,-31.161,0
53.0,2.0,2,0.40500000000000114,81.10233333333333,-30.756,0
54.0,2.0,2,0.7780000000000058,81.49933333333333,-29.977999999999994,0
55.0,2.0,2,-0.7540000000000049,81.64233333333334,-30.732,0
56.0,2.0,2,-1.0840000000000032,81.289,-31.816000000000003,0
57.0,2.0,2,0.804000000000002,80.94433333333332,-31.012,0
58.0,2.0,2,-2.323999999999998,80.07633333333332,-33.336,0
59.0,2.0,2,-0.8589999999999947,79.28333333333333,-34.19499999999999,0
60.0,2.0,2,0.6089999999999947,78.42533333333334,-33.586,0
61.0,2.0,2,0.16199999999999193,78.396,-33.42400000000001,0
62.0,2.0,2,0.10999999999999943,78.68966666666667,-33.31400000000001,0
63.0,2.0,2,-0.027999999999991587,78.771,-33.342,0
64.0,2.0,2,0.5060000000000002,78.967,-32.836,0
65.0,2.0,2,0.4239999999999924,79.26766666666667,-32.412000000000006,0
66.0,2.0,2,0.030000000000001137,79.58766666666666,-32.382000000000005,0
67.0,2.0,2,0.6080000000000041,79.94166666666666,-31.774,0
68.0,2.0,2,4.859999999999999,81.77433333333333,-26.914,0
69.0,2.0,2,-4.733000000000004,82.01933333333334,-31.647000000000006,1
71.0,3.0,0,4.811000000000007,85.295,0.0,0
73.0,3.0,0,-10.061999999999998,80.26400000000001,-10.061999999999998,0
74.0,3.0,0,5.239999999999995,80.33366666666667,-4.822000000000003,0
75.0,3.0,0,-5.7549999999999955,76.808,-10.576999999999998,0
76.0,3.0,0,2.4549999999999983,77.45466666666668,-8.122,0
